{
  "project_info": {
    "project_number": "75082458182",
    "firebase_url": "https://noq-kiosk.firebaseio.com",
    "project_id": "noq-kiosk",
    "storage_bucket": "noq-kiosk.appspot.com"
  },
  "client": [
    {
      "client_info": {
        "mobilesdk_app_id": "1:75082458182:android:a1dce3f207e2128f",
        "android_client_info": {
          "package_name": "noq.doers.kiosk"
        }
      },
      "oauth_client": [
        {
          "client_id": "75082458182-cm2902a4o4j9datnb4mpcdtsk3qf6r5b.apps.googleusercontent.com",
          "client_type": 1,
          "android_info": {
            "package_name": "noq.doers.kiosk",
            "certificate_hash": "1a858e86053b320bcc50f0433715388a22b6d685"
          }
        },
        {
          "client_id": "75082458182-b5hrs3cl9qrs0saiefrgh5egqkou9al9.apps.googleusercontent.com",
          "client_type": 3
        }
      ],
      "api_key": [
        {
          "current_key": "AIzaSyB_WZ71jfcfCeyB-Y2B8zy_06suAO7wnm8"
        }
      ],
      "services": {
        "appinvite_service": {
          "other_platform_oauth_client": [
            {
              "client_id": "75082458182-b5hrs3cl9qrs0saiefrgh5egqkou9al9.apps.googleusercontent.com",
              "client_type": 3
            }
          ]
        }
      }
    }
  ],
  "configuration_version": "1"
}